id,name,alternateNames,type,skinColor,fleshColor,origin,description,flavorIntensity,butteriness,earthiness,sweetness,nuttiness,flavorCategory,textureWhenCooked,moistureLevel,starchContent,bestUses,fryingQuality,mashingQuality,roastingQuality,saladQuality,holdsShapeWhenCooked,cuisineAffinity,tuberShape,tuberSizeGrams_min,tuberSizeGrams_max,sizeCategory,eyeDepth,skinTexture,skinThickness,daysToMaturity_min,daysToMaturity_max,maturityCategory,yieldPotential,plantVigor,setCount,tuberSizeUniformity,hardinessZone_min,hardinessZone_max,heatTolerance,droughtTolerance,frostTolerance,climateSuitability,containerFriendly,minPotLiters,rowSpacingCm,seedSpacingCm,difficulty,storageLife,storageDormancy,storageNotes,diseaseResistance_lateBlight,diseaseResistance_scab,diseaseResistance_virus,diseaseResistance_nematode,diseaseNotes,availableFrom_SeedSow,availableFrom_WestCoastSeeds,vendorSeedList,vendorVarietyNames,sources,confidence
1,Noelle,,all_purpose,purple,purple,Netherlands,"A striking Dutch specialty with vivid purple skin and purple flesh that holds its color when cooked. The complex flavor balances butteriness with mild nuttiness. Firm texture makes it excellent for roasting and gratins where you want visual impact.",4,5,3,6,6,complex,firm,moist,medium,frying,7,6,8,7,6,mediterranean,round,119,174,large,deep,flaky,thick,73,80,early,medium,high,moderate,variable,2,9,5,3,8,warm,false,,32,31,intermediate,poor,short,,moderate,highly_resistant,resistant,moderate,,true,false,SeedSow,Noelle,seedsnow.com|wikipedia.org|woodprairie.com,high
2,Viking Purple,,specialty,purple,purple,Germany,"German heirloom with deep purple skin and striking purple flesh. Notable for its sweet undertones and waxy texture that holds shape well. A showstopper for salads and chips where you want color that lasts through cooking.",7,6,4,6,2,sweet,waxy,medium,medium,chips|mashing|salads|gratins,6,6,6,6,7,german|scandinavian|indian,round,103,147,large,shallow,netted,thick,83,97,mid_season,low,high,few,variable,2,9,6,6,7,warm,false,,34,32,intermediate,excellent,medium,,moderate,highly_resistant,moderate,resistant,,true,false,SeedSow,Viking Purple,seedsnow.com|potatoassociation.org|extension.umaine.edu,high
3,Albertine,,all_purpose,yellow,gold,USA,"American variety prized for its golden flesh and rich buttery flavor. The mealy texture makes excellent mashed potatoes with natural richness. A reliable producer that stores exceptionally well through winter.",7,7,5,5,4,mild,mealy,medium,medium,mashing|baking,6,7,8,8,6,indian|british,fingerling,120,136,large,shallow,flaky,medium,78,110,mid_late,high,medium,many,variable,2,9,3,5,8,cool|temperate,false,,38,29,beginner,excellent,long,,resistant,susceptible,susceptible,susceptible,,true,false,SeedSow,Albertine,seedsnow.com|wikipedia.org|extension.umaine.edu,high
4,Violetta,,all_purpose,pink,yellow,Netherlands,"Dutch variety combining attractive pink-rose skin with creamy yellow flesh. Fluffy texture when cooked makes it versatile for roasting, mashing, and gratins. The mild flavor takes well to butter and herbs.",4,5,5,3,6,mild,fluffy,medium,medium,gratins|mashing|frying|gnocchi,5,7,8,8,7,mediterranean|global|eastern_european,irregular,83,130,medium,medium,flaky,thin,86,98,mid_early,very_high,low,moderate,variable,2,9,7,5,7,warm|temperate,false,,30,22,intermediate,good,long,,susceptible,resistant,moderate,moderate,,true,false,SeedSow,Violetta,seedsnow.com|woodprairie.com|westcoastseeds.com,high
5,Zoe,,all_purpose,pink,yellow,France,"French fingerling with rosy pink skin and yellow flesh. High butteriness rating with mealy texture creates luxurious mashed potatoes. The elongated shape and complex flavor profile suits French cuisine beautifully.",5,8,4,5,4,complex,mealy,medium,medium,salads|chips|mashing|gnocchi,6,8,9,8,7,french|global|german,fingerling,60,106,medium,deep,netted,thin,75,97,mid_early,medium,low,few,variable,2,9,3,5,8,temperate|cool,false,,27,24,advanced,poor,long,,resistant,highly_resistant,susceptible,susceptible,,true,false,SeedSow,Zoe,seedsnow.com|wikipedia.org|ag.umass.edu,high
6,Caribe,,all_purpose,purple,white,USA,"Early American variety with striking purple skin and creamy white flesh. The firm texture holds shape during cooking while delivering mild, approachable flavor. Excellent for boiling and roasting where the purple skin adds visual appeal.",5,5,4,5,4,mild,firm,medium,medium,frying,8,6,9,7,7,irish|german|mediterranean,oval,69,87,medium,shallow,smooth,thin,70,79,early,high,low,many,moderate,2,9,4,6,7,cool|warm|temperate,false,,27,34,intermediate,excellent,short,,highly_resistant,highly_resistant,highly_resistant,resistant,,true,false,SeedSow,Caribe,seedsnow.com|wikipedia.org|woodprairie.com,high
7,Malou,,all_purpose,purple,purple,USA,"American purple variety with matching purple skin and flesh. The waxy texture and mild flavor make it ideal for boiling and soups where it maintains its shape. Moist flesh absorbs seasonings well.",4,5,3,3,6,mild,waxy,moist,medium,baking|boiling|soups|chips,6,7,6,5,7,global,oval,88,113,medium,shallow,netted,thin,60,79,early,low,high,moderate,uniform,2,9,7,6,4,warm|cool|temperate,false,,39,26,intermediate,good,long,,highly_resistant,moderate,highly_resistant,highly_resistant,,true,false,SeedSow,Malou,seedsnow.com|extension.umaine.edu|ag.umass.edu,high
8,Elfie,,all_purpose,red,yellow,USA,"American red-skinned variety with golden yellow flesh. The firm texture and mild flavor make it a reliable all-rounder. Moist flesh pairs well with roasting and soups where the red skin adds visual appeal.",7,5,3,5,5,mild,firm,moist,medium,chips,8,8,7,6,7,american|scandinavian|mediterranean,oval,115,144,large,deep,netted,medium,73,82,early,medium,low,moderate,variable,2,9,6,3,5,temperate,false,,26,24,intermediate,good,long,,resistant,resistant,susceptible,highly_resistant,,true,false,SeedSow,Elfie,seedsnow.com|westcoastseeds.com|wikipedia.org,high
9,Jester,,all_purpose,russet,gold,UK,"British russet with attractive golden flesh beneath the traditional brown skin. Fluffy texture and mild buttery flavor excel in baking and frying. The nutty undertones complement both savory and simple preparations.",4,7,6,5,6,mild,fluffy,moist,medium,frying|baking,5,7,8,6,7,american,oval,92,133,medium,deep,smooth,thick,60,80,early,very_high,medium,moderate,uniform,2,9,3,7,5,cool|temperate|warm,false,,27,24,advanced,excellent,short,,moderate,susceptible,moderate,resistant,,true,false,SeedSow,Jester,seedsnow.com|potatoassociation.org|extension.umaine.edu,high
10,Cheshire,,all_purpose,white,white,Peru,"Peruvian heritage variety with clean white skin and flesh. The waxy texture holds shape beautifully for baking and roasting. Complex flavor with earthy depth reflects its South American origins.",4,5,6,4,6,complex,waxy,moist,medium,baking|roasting,7,7,7,8,5,global|french|indian,irregular,79,104,medium,medium,russeted,thin,66,78,early,medium,low,moderate,moderate,2,9,7,6,6,warm|temperate,false,,26,24,intermediate,excellent,medium,,moderate,moderate,resistant,moderate,,true,false,SeedSow,Cheshire,seedsnow.com|woodprairie.com|westcoastseeds.com,high
11,Yukon Gold,,all_purpose,yellow,yellow,Canada,"The iconic golden potato developed in Canada in 1966. Loved for its buttery flavor and versatility. Creamy texture makes exceptional mashed potatoes without added butter. A kitchen staple that roasts, bakes, and fries beautifully.",5,8,6,4,6,buttery,creamy,medium,medium,mashing|roasting|frying|baking,5,8,8,7,6,global,oblong,83,138,medium,shallow,smooth,medium,74,79,early,very_high,low,many,variable,2,9,3,4,7,warm|cool,false,,25,21,beginner,good,short,,susceptible,moderate,resistant,highly_resistant,,true,true,SeedSow|WestCoastSeeds,Yukon Gold|Yukon Gold Organic,seedsnow.com|westcoastseeds.com|potatoassociation.org|woodprairie.com,high
12,King Edward,,all_purpose,white,cream,UK,"Classic British variety from 1902 with white skin often blushed pink, and creamy white flesh. Named after King Edward VII. The floury texture and complex flavor make it a favorite for roasting alongside Sunday joints. A heritage potato with royal pedigree.",7,7,4,5,4,complex,fluffy,medium,medium,roasting|baking|mashing,7,8,9,5,5,british|irish,oval,68,111,medium,shallow,smooth,medium,63,82,early,low,medium,few,uniform,2,9,7,5,5,cool,false,,25,27,intermediate,fair,short,,moderate,moderate,moderate,moderate,,true,false,SeedSow,King Edward,seedsnow.com|ag.umass.edu|extension.umaine.edu,high
13,Kennebec,,all_purpose,white,white,USA,"American classic developed in Maine in 1948, known for excellent frying quality. The fluffy texture and mild flavor made it the original choice for potato chips. Large tubers with buff-white skin and white flesh are highly productive.",6,7,4,3,3,mild,fluffy,medium,medium,frying|chips|baking,9,6,7,6,5,american|global,oblong,101,170,large,shallow,smooth,thin,86,100,mid_season,very_high,medium,few,uniform,2,9,6,4,8,cool|temperate,false,,28,34,intermediate,good,medium,,susceptible,highly_resistant,susceptible,resistant,,true,true,SeedSow|WestCoastSeeds,Kennebec|Kennebec Organic,seedsnow.com|westcoastseeds.com|ag.umass.edu|woodprairie.com,high
14,Montana,,all_purpose,bicolor,yellow,Netherlands,"Dutch variety with distinctive bicolor skin pattern and golden flesh. The waxy texture excels in roasting where the skin crisps beautifully. Complex flavor with moderate sweetness suits Mediterranean preparations.",6,5,3,6,4,complex,waxy,moist,medium,mashing|roasting,6,7,9,6,8,indian|mediterranean,fingerling,90,124,medium,deep,netted,medium,84,98,mid_season,medium,medium,moderate,moderate,2,9,4,3,4,temperate|cool,false,,31,24,beginner,poor,medium,,resistant,highly_resistant,moderate,highly_resistant,,true,false,SeedSow,Montana,seedsnow.com|ag.umass.edu|wikipedia.org,high
15,Russet Norkotah,,starchy,russet,white,USA,"Premier baking potato with classic russet appearance and high starch content. The dry, fluffy texture when baked creates the ideal canvas for butter and toppings. A commercial standard developed in North Dakota.",8,5,7,2,1,earthy,fluffy,dry,high,baking|frying|mashing,9,9,7,1,3,american|global,oblong,118,200,large,shallow,russeted,thick,81,91,mid_season,high,medium,few,uniform,3,9,4,3,5,cool|temperate,false,,35,28,intermediate,excellent,long,,moderate,resistant,moderate,resistant,,true,false,SeedSow,Russet Norkotah,seedsnow.com|ag.umass.edu|westcoastseeds.com,high
16,Red Pontiac,,all_purpose,red,white,USA,"American red-skinned classic from the 1940s with smooth white flesh. The moist, waxy texture makes it popular for boiling and potato salads. Thin red skin adds color while the flesh stays creamy. Excellent for new potatoes.",5,5,4,4,3,mild,waxy,moist,low,boiling|salads|roasting|soups,5,6,8,9,8,american|global,round,109,154,large,shallow,smooth,thin,88,96,mid_season,high,high,many,moderate,2,9,7,5,4,warm|cool|temperate,false,,28,34,beginner,good,short,,resistant,resistant,moderate,moderate,,true,true,SeedSow|WestCoastSeeds,Red Pontiac|Red Pontiac Organic,seedsnow.com|westcoastseeds.com|ag.umass.edu|extension.umaine.edu,high
17,Peruvian Sunrise Gold,,all_purpose,yellow,yellow,Germany,"German variety with sunny yellow skin and matching golden flesh. The mealy texture and mild flavor make it a reliable choice for frying and chips. Produces large tubers with excellent storage potential.",5,7,5,3,5,mild,mealy,medium,medium,frying|gnocchi|chips,5,8,8,6,8,british,oval,119,157,large,medium,flaky,thick,80,93,mid_season,low,low,many,moderate,2,9,4,5,4,temperate|cool,false,,36,22,intermediate,excellent,medium,,resistant,resistant,resistant,moderate,,true,false,SeedSow,Peruvian Sunrise Gold,seedsnow.com|woodprairie.com|potatoassociation.org,high
18,All Red,,specialty,red,red,USA,"True red-fleshed potato where the color extends throughout. Sweet flavor with firm texture that holds up to cooking. Exceptional for roasting and salads where the red color creates visual drama.",8,4,5,8,2,sweet,firm,moist,medium,roasting|salads|hash,6,5,8,8,8,american,oval,70,90,medium,shallow,smooth,medium,80,96,mid_season,medium,high,few,uniform,2,9,4,6,6,cool|temperate|warm,false,,26,29,intermediate,good,medium,,moderate,moderate,resistant,moderate,,true,false,SeedSow,All Red,seedsnow.com|extension.umaine.edu|ag.umass.edu,high
19,Yukon Gem,,all_purpose,purple,yellow,Canada,"Canadian specialty combining purple skin with golden yellow flesh - a colorful twist on Yukon Gold parentage. The creamy texture and buttery flavor shine in roasting and mashing. Excellent where you want visual impact with familiar flavor.",6,8,5,4,4,buttery,creamy,moist,medium,roasting|mashing|chips,7,8,9,7,6,american|global,oblong,69,109,medium,shallow,smooth,medium,87,94,mid_season,medium,medium,few,uniform,2,9,5,5,5,cool|temperate,false,,38,27,intermediate,good,medium,,moderate,susceptible,resistant,moderate,,true,false,SeedSow,Yukon Gem,seedsnow.com|extension.umaine.edu|woodprairie.com,high
20,Agata,,all_purpose,yellow,yellow,Netherlands,"Dutch early variety widely grown in Europe. Light yellow skin with pale yellow flesh. The firm, waxy texture holds shape well for salads and boiling. Mild flavor profile makes it adaptable to various cuisines.",5,6,4,4,4,mild,waxy,moist,low,boiling|salads|roasting,5,5,7,9,8,european|global,oval,69,120,medium,shallow,smooth,thin,83,95,early,high,high,moderate,uniform,2,9,4,7,4,cool|warm|temperate,false,,39,29,beginner,good,medium,,susceptible,resistant,moderate,resistant,,true,false,SeedSow,Agata,seedsnow.com|potatoassociation.org|woodprairie.com,high
21,Red La Soda,,all_purpose,red,white,USA,"American red-skinned variety with white flesh. The waxy texture and mild flavor suit boiling and salads. Large tubers with thin red skin provide good yields. Popular in the southern United States.",5,5,4,4,3,mild,waxy,moist,low,boiling|salads|frying,6,5,7,8,7,american,round,120,173,large,medium,smooth,thin,80,99,mid_season,medium,medium,many,uniform,2,9,4,5,6,warm|temperate,false,,33,23,beginner,good,medium,,susceptible,susceptible,susceptible,moderate,,true,false,SeedSow,Red La Soda,seedsnow.com|ag.umass.edu|extension.umaine.edu,high
22,Ciklamen,,all_purpose,yellow,cream,Germany,"German variety with golden skin and rich cream-colored flesh. The creamy texture and buttery flavor make exceptional soups. High moisture content delivers smooth results in purees and gratins.",5,8,6,4,4,buttery,creamy,moist,medium,soups,6,5,8,6,5,british|american,irregular,104,131,large,medium,russeted,thick,80,98,mid_season,very_high,low,few,moderate,2,9,7,3,5,temperate,false,,26,24,advanced,fair,short,,highly_resistant,susceptible,moderate,resistant,,true,false,SeedSow,Ciklamen,seedsnow.com|woodprairie.com|westcoastseeds.com,high
23,Chieftain,,all_purpose,red,white,USA,"American red-skinned variety with bright crimson skin and white flesh. The smooth, waxy texture makes excellent boiling potatoes. Popular for its attractive appearance and reliable performance.",5,5,4,4,4,mild,waxy,moist,low,boiling|salads|roasting,5,6,8,8,8,american,round,109,148,large,shallow,smooth,thin,90,94,mid_season,high,medium,moderate,uniform,2,9,3,4,6,cool|temperate,false,,31,34,beginner,good,medium,,susceptible,resistant,susceptible,moderate,,true,false,SeedSow,Chieftain (mid),seedsnow.com|potatoassociation.org|westcoastseeds.com,high
24,Vermillion Fingerling,,fingerling,red,yellow,France,"French fingerling with red skin and yellow flesh. The nutty flavor and waxy texture suit salads beautifully. Compact size makes it ideal for container growing and small gardens.",6,7,5,5,7,nutty,waxy,moist,low,salads|roasting,4,4,8,9,9,french|global,fingerling,24,45,petite,medium,smooth,thin,82,99,mid_season,medium,low,few,uniform,3,8,6,5,7,cool|temperate|warm,true,17,32,32,beginner,good,long,,susceptible,resistant,resistant,resistant,,true,false,SeedSow,Vermillion Fingerling,seedsnow.com|westcoastseeds.com|extension.umaine.edu,high
25,All Blue,,specialty,blue,blue,Peru,"Peruvian blue potato with matching blue skin and flesh that holds color when cooked. The moist texture and mild, slightly sweet flavor create memorable dishes. Perfect for chips and roasting where color creates conversation.",5,5,4,5,4,mild,moist,moist,medium,roasting|chips|salads,6,5,7,8,7,global,oblong,81,112,medium,medium,smooth,medium,89,94,mid_season,medium,low,few,uniform,2,9,6,5,6,cool|temperate|warm,false,,37,31,intermediate,good,short,,susceptible,susceptible,susceptible,moderate,,true,false,SeedSow,All Blue,seedsnow.com|wikipedia.org|ag.umass.edu,high
26,Purple Majesty,,specialty,purple,purple,USA,"American variety bred for intense purple color throughout both skin and flesh. The moist texture and mild flavor hold up to various cooking methods. High antioxidant content makes it as nutritious as it is beautiful.",6,5,5,5,4,mild,moist,moist,medium,roasting|baking|salads,6,6,7,8,7,american|global,oblong,93,146,medium,medium,smooth,medium,86,95,mid_season,medium,medium,moderate,moderate,2,9,5,4,7,cool|temperate,false,,35,29,beginner,good,medium,,highly_resistant,susceptible,susceptible,moderate,,true,false,SeedSow,Purple Majesty,seedsnow.com|extension.umaine.edu|wikipedia.org,high
27,Norland,"Dark Red Norland, Red Norland",waxy,red,white,USA,"American early red variety with bright red skin and white flesh. Very early to mature. The waxy texture and mild flavor suit boiling and salads. One of the most popular red varieties for home gardens. Dark Red Norland is a popular selection with deeper red skin.",4,5,4,4,2,mild,waxy,moist,low,boiling|salads|roasting,4,5,8,9,8,american,round,70,103,medium,shallow,smooth,thin,70,80,early,high,medium,many,uniform,2,10,6,7,4,temperate|cool,true,12,35,33,beginner,fair,short,,resistant,moderate,highly_resistant,susceptible,,true,true,SeedSow|WestCoastSeeds,Norland Dark Red|Norland Organic,seedsnow.com|westcoastseeds.com|ag.umass.edu|extension.umaine.edu,high
28,Huckleberry Gold,,all_purpose,purple,yellow,USA,"American specialty with purple skin and golden yellow flesh. The waxy texture and buttery flavor make it versatile for roasting and salads. An attractive variety that combines color with great taste.",6,7,4,5,5,buttery,waxy,moist,medium,roasting|salads|mashing,6,7,8,8,7,american,oblong,67,80,medium,shallow,smooth,thin,86,100,mid_season,medium,medium,moderate,uniform,2,9,4,5,5,cool|temperate,false,,30,32,intermediate,good,medium,,susceptible,highly_resistant,moderate,susceptible,,true,false,SeedSow,Huckleberry Gold,seedsnow.com|woodprairie.com|westcoastseeds.com,high
29,Russet Pioneer,,starchy,russet,white,USA,"American russet with classic brown russeted skin and white flesh. The fluffy texture and mild flavor excel in baking. High starch content makes it ideal for light, fluffy baked potatoes.",8,5,6,2,2,mild,fluffy,dry,high,baking|frying|mashing,8,9,6,2,3,american,oblong,68,83,medium,shallow,russeted,medium,82,94,mid_season,medium,low,moderate,uniform,3,9,7,7,8,cool|temperate,false,,36,32,intermediate,good,medium,,susceptible,susceptible,moderate,susceptible,,true,false,SeedSow,Russet Pioneer,seedsnow.com|ag.umass.edu|woodprairie.com,high
30,Russet Burbank,,starchy,russet,white,USA,"The legendary Idaho baking potato developed by Luther Burbank in 1872. High starch and dry texture create the fluffiest baked potatoes. Long tubers with heavy russeting. The standard by which all russets are measured.",8,5,6,2,2,earthy,fluffy,dry,high,baking|frying,10,9,6,2,3,american|global,long,150,280,large,shallow,russeted,thick,95,115,late,medium,low,few,variable,3,9,4,4,4,cool|temperate,false,,37,30,advanced,excellent,long,,moderate,resistant,susceptible,susceptible,,true,false,SeedSow,Russet Burbank,seedsnow.com|ag.umass.edu|extension.umaine.edu,high
31,German Butterball,,all_purpose,yellow,yellow,Germany,"Heritage variety prized for its exceptional buttery flavor and golden flesh throughout. The fluffy texture makes silky mashed potatoes. Yellow skin with golden flesh is easy to identify.",7,9,4,4,5,buttery,fluffy,moist,medium,mashing|baking|roasting,6,9,8,6,5,german|american,round,85,144,medium,shallow,smooth,thin,82,110,late,medium,medium,many,variable,2,9,6,5,5,cool|temperate,false,,30,25,beginner,excellent,long,,highly_resistant,susceptible,susceptible,resistant,,true,false,SeedSow,German Butterball,seedsnow.com|woodprairie.com|potatoassociation.org,high
32,Ramona,,all_purpose,red,white,Netherlands,"Dutch variety with red skin and white flesh. The firm texture and mild flavor make good boiling potatoes. Reliable producer with attractive appearance.",5,5,4,4,4,mild,waxy,moist,medium,boiling|salads,5,5,7,7,7,european,oval,111,156,large,shallow,smooth,thin,100,123,late,medium,medium,few,moderate,2,9,4,7,5,cool|temperate,false,,27,23,intermediate,fair,medium,,resistant,susceptible,highly_resistant,resistant,,true,false,SeedSow,Ramona,seedsnow.com|woodprairie.com|ag.umass.edu,high
33,Terra Rosa,,all_purpose,red,pink,Canada,"Canadian specialty with red skin and pink-rose colored flesh. The firm texture and mild flavor make it interesting for salads. The pink interior creates visual interest when sliced.",5,5,4,4,4,mild,firm,moist,medium,salads|roasting,6,5,7,8,7,american,oval,69,80,medium,shallow,smooth,medium,94,116,mid_late,medium,medium,few,moderate,2,9,7,3,6,cool|temperate,false,,28,30,intermediate,good,medium,,resistant,moderate,susceptible,moderate,,true,false,SeedSow,Terra Rosa,seedsnow.com|extension.umaine.edu|westcoastseeds.com,high
34,Defender,,all_purpose,white,white,USA,"American variety bred for disease resistance with white skin and white flesh. The waxy texture and mild flavor suit multiple cooking methods. Named for its strong defense against common potato diseases.",4,5,4,4,4,mild,waxy,moist,medium,boiling|salads|roasting,5,5,7,8,7,american,oval,95,113,medium,shallow,smooth,medium,107,140,late,medium,medium,moderate,moderate,2,9,7,7,8,cool|temperate,false,,27,32,intermediate,good,medium,,highly_resistant,highly_resistant,resistant,moderate,,true,false,SeedSow,Defender,seedsnow.com|potatoassociation.org|wikipedia.org,high
35,Jelly,,all_purpose,yellow,yellow,Germany,"German variety with yellow skin and matching golden flesh. The waxy texture and buttery flavor create smooth mashed potatoes and soups. High yield makes it rewarding to grow.",6,8,4,5,3,buttery,waxy,moist,medium,mashing|soups|salads,6,8,7,7,6,german|european,oblong,68,96,medium,shallow,smooth,thin,80,110,mid_late,very_high,high,moderate,uniform,2,9,6,5,4,temperate|cool,false,,35,33,beginner,good,medium,,moderate,susceptible,resistant,resistant,,true,false,SeedSow,Jelly,seedsnow.com|wikipedia.org|westcoastseeds.com,high
36,Magic Molly,,specialty,purple,purple,USA,"American purple variety with deep purple skin and purple flesh throughout. The color holds well when cooked. Fingerling shape with firm texture suits roasting and salads where color matters.",7,5,5,5,4,mild,firm,moist,medium,roasting|salads|chips,5,5,8,8,8,american,fingerling,50,90,small,medium,smooth,thin,100,115,late,medium,medium,few,uniform,2,9,3,4,7,cool|temperate,false,,32,22,intermediate,good,medium,,moderate,moderate,susceptible,susceptible,,true,false,SeedSow,Magic Molly,seedsnow.com|potatoassociation.org|extension.umaine.edu,high
37,French Classic,,all_purpose,yellow,yellow,France,"French variety with yellow skin and golden flesh. The mealy texture makes good frying potatoes and chips. Traditional French potato with reliable quality.",5,6,4,4,4,mild,mealy,medium,medium,frying|chips|baking,7,6,7,5,5,french|european,oval,101,120,large,shallow,smooth,thin,75,93,mid_late,medium,medium,moderate,moderate,2,9,6,4,4,temperate,false,,35,31,intermediate,good,medium,,highly_resistant,susceptible,susceptible,susceptible,,true,false,SeedSow,French Classic,seedsnow.com|ag.umass.edu|wikipedia.org,high
38,Yellow Finn,,all_purpose,yellow,yellow,Finland,"Finnish heirloom with golden skin and matching yellow flesh. The firm, waxy texture and intense buttery flavor make legendary roasted potatoes and salads. A gourmet favorite that stores well.",6,9,4,5,4,buttery,waxy,moist,low,roasting|salads|boiling,5,6,9,9,8,scandinavian|european,oval,84,114,medium,shallow,smooth,thin,95,120,late,low,medium,few,uniform,2,9,3,5,6,cool,false,,31,29,intermediate,excellent,long,,moderate,moderate,resistant,highly_resistant,,true,false,SeedSow,Yellow Finn,seedsnow.com|potatoassociation.org|westcoastseeds.com,high
39,Purple Peruvian,,specialty,purple,purple,Peru,"Andean heritage variety with deep purple skin and purple flesh throughout. The firm texture and earthy, slightly sweet flavor suit chips and roasting. The color holds through cooking for striking presentations.",7,5,5,6,4,earthy,firm,moist,medium,roasting|chips|salads,6,5,8,8,8,andean|global,fingerling,60,100,small,shallow,smooth,thin,100,120,late,low,medium,few,uniform,2,9,6,6,7,cool|temperate,false,,31,29,intermediate,good,medium,,highly_resistant,moderate,resistant,resistant,,true,false,SeedSow,Purple Peruvian,seedsnow.com|potatoassociation.org|wikipedia.org,high
40,Russian Banana,,fingerling,yellow,yellow,Russia,"Russian heirloom fingerling with tan-yellow skin and golden yellow flesh. The waxy texture and rich, buttery flavor make exceptional roasted potatoes and salads. The elongated banana shape is instantly recognizable.",6,8,4,5,5,buttery,waxy,moist,low,roasting|salads|boiling,5,5,9,10,9,russian|european,fingerling,50,85,small,shallow,smooth,thin,90,105,late,medium,medium,few,uniform,3,8,7,4,7,cool|temperate,false,,33,31,intermediate,excellent,long,,highly_resistant,resistant,moderate,resistant,,true,false,SeedSow,Russian Banana,seedsnow.com|potatoassociation.org|ag.umass.edu,high
41,Austrian Crescent,,fingerling,yellow,yellow,Austria,"Austrian heirloom fingerling with tan-yellow skin and golden flesh. The waxy texture and buttery flavor excel in roasting and salads. The distinctive curved crescent shape makes it a conversation piece.",6,8,4,5,5,buttery,waxy,moist,low,roasting|salads,5,5,9,10,9,austrian|european,fingerling,50,90,small,shallow,smooth,thin,85,100,mid_late,medium,medium,few,uniform,3,8,5,4,7,cool|temperate,false,,37,21,intermediate,good,medium,,resistant,highly_resistant,susceptible,highly_resistant,,true,false,SeedSow,Austrian Crescent,seedsnow.com|westcoastseeds.com|extension.umaine.edu,high
42,Red Thumb,,fingerling,red,pink,USA,"American red fingerling with crimson skin and pink-streaked flesh. The waxy texture and mild flavor suit salads beautifully. Red skin adds color to dishes while the pink interior provides visual interest.",5,5,4,4,3,mild,waxy,moist,low,salads|roasting|boiling,4,4,8,9,9,american,fingerling,40,70,small,shallow,smooth,thin,76,90,mid_early,medium,medium,few,moderate,3,8,4,7,5,cool|temperate,false,,26,25,beginner,good,short,,resistant,moderate,susceptible,susceptible,,true,false,SeedSow,Red Thumb,seedsnow.com|extension.umaine.edu|ag.umass.edu,high
43,GemStar Russet,,starchy,russet,white,Canada,"Canadian russet bred for commercial quality with white flesh. The fluffy texture and mild flavor excel in baking. Outstanding frying quality rivals the best restaurant potatoes.",7,5,6,3,2,mild,fluffy,dry,high,baking|frying,10,9,6,2,3,american|global,oblong,99,154,medium,shallow,russeted,medium,93,112,mid_late,high,medium,moderate,uniform,3,9,7,3,5,cool|temperate,false,,38,25,intermediate,good,medium,,highly_resistant,resistant,highly_resistant,resistant,,false,true,WestCoastSeeds,GemStar Russet,westcoastseeds.com|wikipedia.org|potatoassociation.org,high
44,French Fingerling,,fingerling,red,yellow,France,"French heirloom fingerling with rose-red skin and yellow flesh often streaked with pink. The waxy texture and nutty flavor make it a salad star. Elegant appearance elevates any dish.",6,7,4,5,6,nutty,waxy,moist,low,salads|roasting|boiling,5,4,9,10,9,french|european,fingerling,42,72,small,medium,smooth,thin,86,100,mid_season,medium,medium,moderate,moderate,3,8,6,7,4,cool|temperate,true,12,34,28,intermediate,good,long,,resistant,resistant,resistant,resistant,,false,true,WestCoastSeeds,French Fingerling,westcoastseeds.com|seedsnow.com|potatoassociation.org,high
45,Sieglinde,,all_purpose,yellow,yellow,Germany,"German heirloom from 1935 with yellow skin and matching yellow flesh. The waxy texture and mild buttery flavor excel in salads and boiling. A heritage variety prized for consistent quality.",5,7,4,4,4,buttery,waxy,moist,low,salads|boiling|roasting,5,5,8,9,8,german|european,oval,81,121,medium,shallow,smooth,thin,96,119,mid_late,medium,medium,moderate,uniform,2,9,5,4,7,cool|temperate,false,,28,32,beginner,good,medium,,highly_resistant,highly_resistant,highly_resistant,susceptible,,false,true,WestCoastSeeds,Sieglinde,westcoastseeds.com|woodprairie.com|wikipedia.org,high
46,Red Pontiac Organic,,all_purpose,red,white,USA,"Certified organic version of the classic American red potato with white flesh. The moist, waxy texture suits boiling and salads. Grown without synthetic chemicals.",5,5,4,4,3,mild,waxy,moist,low,boiling|salads|roasting,5,6,8,9,8,american,round,87,107,medium,shallow,smooth,thin,77,100,mid_late,high,high,moderate,uniform,2,9,7,4,7,cool|temperate,false,,36,24,beginner,good,short,,highly_resistant,highly_resistant,susceptible,moderate,,true,true,SeedSow|WestCoastSeeds,Red Pontiac|Red Pontiac Organic,seedsnow.com|westcoastseeds.com|wikipedia.org|potatoassociation.org,high
47,La Ratte,,fingerling,yellow,yellow,France,"Legendary French fingerling from the 1800s with golden tan skin and yellow flesh. The waxy texture and exceptional nutty, chestnut-like flavor are unmatched for roasting and salads. A gourmet benchmark variety beloved by chefs worldwide.",7,7,5,5,7,nutty,waxy,moist,low,roasting|salads|boiling,5,5,10,10,9,french|european,fingerling,34,64,small,medium,smooth,thin,100,120,late,low,medium,few,uniform,3,8,4,6,6,cool|temperate,true,20,29,23,advanced,excellent,long,,resistant,moderate,resistant,moderate,,false,true,WestCoastSeeds,La Ratte Fingerling,westcoastseeds.com|ag.umass.edu|wikipedia.org,high
48,Yukon Gold Organic,,all_purpose,yellow,yellow,Canada,"Certified organic version of the beloved buttery gold potato. The creamy texture and rich flavor make exceptional mashed potatoes and gratins. Grown without synthetic chemicals.",5,8,5,4,5,buttery,creamy,moist,medium,mashing|roasting|baking,6,8,8,7,6,global,oblong,107,117,large,shallow,smooth,thin,84,94,mid_late,medium,medium,moderate,uniform,2,9,6,4,4,cool|temperate,false,,32,24,intermediate,good,medium,,resistant,highly_resistant,susceptible,susceptible,,true,true,SeedSow|WestCoastSeeds,Yukon Gold|Yukon Gold Organic,seedsnow.com|westcoastseeds.com|woodprairie.com|extension.umaine.edu,high
49,Kennebec Organic,,all_purpose,white,white,USA,"Certified organic version of the classic American all-purpose potato with white skin and flesh. The fluffy texture and mild flavor suit frying and baking. A clean-growing option for the traditional Kennebec.",6,6,4,3,3,mild,fluffy,medium,medium,frying|baking|mashing,9,7,7,6,5,american,oblong,105,170,large,shallow,smooth,thin,79,102,mid_season,high,medium,moderate,uniform,2,9,5,6,4,cool|temperate,false,,35,34,intermediate,good,medium,,moderate,susceptible,susceptible,susceptible,,true,true,SeedSow|WestCoastSeeds,Kennebec|Kennebec Organic,seedsnow.com|westcoastseeds.com|extension.umaine.edu|wikipedia.org,high
50,Chieftain Organic,,all_purpose,red,white,USA,"Certified organic version of the American red-skinned Chieftain with white flesh. The waxy texture and mild flavor make it reliable for boiling and salads. Grown without synthetic chemicals.",4,5,4,4,4,mild,waxy,moist,low,boiling|salads|roasting,5,5,8,8,8,american,round,75,112,medium,shallow,smooth,thin,91,107,mid_late,high,medium,moderate,uniform,2,9,5,5,6,cool|temperate,false,,37,27,beginner,good,medium,,susceptible,susceptible,moderate,resistant,,false,true,WestCoastSeeds,Chieftain Organic,westcoastseeds.com|potatoassociation.org|woodprairie.com,high
51,Warba,,all_purpose,white,white,USA,"American early variety from Minnesota with white skin and white flesh. The mealy texture and mild flavor suit baking and frying. One of the earliest varieties to mature in the season.",5,5,4,4,3,mild,mealy,medium,medium,baking|frying|boiling,6,6,7,6,5,american,round,70,88,medium,shallow,smooth,thin,55,70,early,medium,medium,many,uniform,2,9,5,7,6,cool|temperate,false,,34,25,beginner,fair,short,,moderate,susceptible,susceptible,moderate,,false,true,WestCoastSeeds,Warba,westcoastseeds.com|potatoassociation.org|seedsnow.com,high
52,Potato Mix,,all_purpose,mixed,mixed,Various,"Mixed variety collection offering several varieties in one package. The assortment typically includes different skin and flesh colors for visual variety. Perfect for gardeners who want to sample different types.",5,6,4,4,4,varied,varied,moist,medium,various,5,5,7,7,7,global,varied,64,76,medium,varied,varied,varied,84,110,varied,medium,medium,moderate,variable,2,9,5,7,4,temperate,false,,37,27,beginner,fair,short,,varied,varied,varied,varied,,false,true,WestCoastSeeds,Potato Mix,westcoastseeds.com|potatoassociation.org|wikipedia.org,medium
53,Russian Blue,,specialty,blue,blue,Russia,"Russian heirloom with blue skin and blue flesh throughout. The dry, mealy texture and earthy flavor suit baking where the color adds drama. Stores well through winter.",6,4,6,4,4,earthy,mealy,dry,medium,baking|roasting|chips,6,6,7,6,5,russian|european,oblong,69,99,medium,medium,smooth,medium,100,120,late,medium,medium,moderate,moderate,2,9,7,3,4,cool,false,,38,32,intermediate,good,long,,resistant,susceptible,susceptible,highly_resistant,,false,true,WestCoastSeeds,Russian Blue,westcoastseeds.com|seedsnow.com|wikipedia.org,high
54,Katahdin,,all_purpose,white,white,USA,"American heritage variety from 1932 with buff-white skin and white flesh. Developed in Maine and named after Mount Katahdin. The fluffy texture and mild flavor make it versatile for baking and frying. Excellent disease resistance.",5,5,4,4,3,mild,fluffy,medium,medium,baking|frying|mashing,7,7,7,6,5,american,round,111,170,large,shallow,smooth,thin,80,100,mid_season,high,medium,moderate,uniform,2,9,4,7,8,cool|temperate,false,,34,24,beginner,good,medium,,susceptible,highly_resistant,resistant,susceptible,,false,false,,,ag.umass.edu|wikipedia.org,high
55,Adirondack Blue,,specialty,blue,blue,USA,"New York-bred blue potato with vivid blue-purple color throughout both skin and flesh. The moist texture and mild flavor hold up to various cooking methods. High antioxidants make it as healthy as it is beautiful.",5,5,4,5,3,mild,moist,moist,medium,roasting|baking|salads,5,6,8,8,7,american,oblong,89,115,medium,medium,smooth,medium,90,100,mid_season,medium,medium,moderate,moderate,2,9,5,7,5,cool|temperate,false,,25,32,intermediate,good,short,,moderate,moderate,susceptible,susceptible,,false,false,,,extension.umaine.edu|wikipedia.org,high
57,Superior,,all_purpose,white,white,USA,"American white variety with buff skin and white flesh. The mealy texture and mild flavor make good baking and chipping potatoes. A reliable producer with uniform tubers.",5,5,4,3,3,mild,mealy,medium,medium,baking|chips|frying,7,6,6,5,5,american,round,64,103,medium,shallow,smooth,thin,80,95,mid_early,high,medium,moderate,uniform,2,9,3,6,4,cool|temperate,false,,34,20,beginner,good,medium,,moderate,resistant,moderate,susceptible,,false,false,,,ag.umass.edu|seedsnow.com,high
58,Carola,,all_purpose,yellow,yellow,Germany,"German variety with yellow skin and matching yellow flesh. The waxy texture and buttery flavor make it excellent for salads and boiling. A reliable producer with good disease tolerance.",6,8,4,4,4,buttery,waxy,moist,low,salads|boiling|roasting,5,6,8,9,8,german|european,oval,61,109,medium,shallow,smooth,thin,80,94,mid_early,medium,medium,moderate,moderate,2,9,6,6,7,cool|temperate,false,,26,24,intermediate,good,medium,,moderate,highly_resistant,susceptible,moderate,,false,false,,,extension.umaine.edu|woodprairie.com,high
59,Charlotte,,all_purpose,yellow,yellow,France,"French salad potato with yellow skin and golden flesh. The waxy texture and buttery flavor make it a classic for potato salads. A European favorite for its consistent quality.",5,7,4,4,4,buttery,waxy,moist,low,salads|boiling|roasting,5,5,8,10,9,french|european,oval,70,100,medium,shallow,smooth,thin,89,104,mid_season,high,medium,moderate,uniform,2,9,5,4,6,cool|temperate,false,,30,29,intermediate,good,medium,,susceptible,moderate,moderate,resistant,,false,false,,,extension.umaine.edu|wikipedia.org,high
60,La Ratte,,fingerling,yellow,yellow,France,"Classic French fingerling with golden tan skin and yellow flesh. The waxy texture and exceptional nutty flavor are legendary for salads and roasting. Same variety as La Ratte Fingerling. A chef's favorite worldwide.",7,7,5,5,7,nutty,waxy,moist,low,salads|roasting|boiling,5,5,10,10,9,french|european,fingerling,50,80,small,medium,smooth,thin,90,110,mid_late,low,medium,few,uniform,3,8,7,7,4,cool|temperate,false,,34,30,advanced,excellent,long,,susceptible,highly_resistant,moderate,moderate,,false,true,WestCoastSeeds,La Ratte Fingerling,westcoastseeds.com|ag.umass.edu|seedsnow.com,high
61,Cranberry Red,,specialty,red,red,USA,"American red-fleshed variety with red skin and red interior that lightens when cooked. The moist texture and mild, slightly sweet flavor suit roasting and salads. The cranberry-like color creates memorable presentations.",6,5,4,6,3,mild,moist,moist,low,roasting|salads,5,5,8,8,8,american,oval,70,105,medium,shallow,smooth,thin,80,95,mid_late,medium,medium,moderate,moderate,2,9,3,3,4,cool|temperate,false,,34,33,beginner,good,medium,,moderate,susceptible,highly_resistant,moderate,,false,false,,,extension.umaine.edu|potatoassociation.org,high
62,Maris Piper,,all_purpose,white,cream,UK,"British classic and the UK's most popular potato. Cream-white skin with cream flesh. The fluffy texture fries to golden perfection. The standard for traditional British chips.",5,6,4,4,4,mild,fluffy,medium,medium,frying|chips|mashing|roasting,8,7,8,5,5,british,oval,60,114,medium,shallow,smooth,thin,80,97,mid_season,high,high,moderate,uniform,2,9,7,5,4,cool|temperate,false,,26,22,beginner,good,medium,,moderate,susceptible,resistant,susceptible,,false,false,,,westcoastseeds.com|extension.umaine.edu,high
63,Desiree,,waxy,red,yellow,Netherlands,"Dutch classic with distinctive red skin and pale yellow flesh. The waxy texture and mild flavor excel in boiling and salads. High yield and disease resistance make it popular worldwide.",5,6,4,4,3,mild,waxy,moist,low,boiling|salads|roasting,4,5,8,9,8,dutch|european,oval,92,147,medium,shallow,smooth,thin,82,109,mid_late,very_high,medium,many,uniform,2,10,4,6,8,cool|temperate,true,12,27,30,beginner,good,medium,,susceptible,highly_resistant,resistant,susceptible,,false,false,,,seedsnow.com|westcoastseeds.com,high
64,Nicola,,all_purpose,yellow,yellow,Germany,"German salad potato with yellow skin and matching golden flesh. The waxy texture and mild buttery flavor hold up beautifully in salads and boiling. Excellent for German potato salad.",5,7,4,4,4,buttery,waxy,moist,low,salads|boiling|roasting,5,5,8,9,8,german|european,oval,80,120,medium,shallow,smooth,thin,87,100,mid_early,medium,medium,moderate,uniform,2,9,4,6,5,cool|temperate,false,,38,30,intermediate,good,medium,,highly_resistant,moderate,resistant,moderate,,false,false,,,westcoastseeds.com|woodprairie.com,high
65,Kipfler,,fingerling,yellow,yellow,Austria,"Austrian fingerling with yellow skin and golden yellow flesh. The waxy texture and rich buttery flavor make excellent roasted potatoes and salads. The elongated shape is classic for European preparations.",6,8,4,5,5,buttery,waxy,moist,low,roasting|salads|boiling,5,5,9,10,9,austrian|european,fingerling,50,90,small,shallow,smooth,thin,82,100,mid_season,medium,medium,moderate,uniform,3,8,4,4,5,cool|temperate,false,,37,29,intermediate,good,medium,,resistant,resistant,highly_resistant,moderate,,false,false,,,extension.umaine.edu|woodprairie.com,high
66,Rose Finn Apple,,fingerling,pink,yellow,France,"Heirloom fingerling with rose-pink skin and yellow flesh. The waxy texture and buttery flavor suit roasting and salads beautifully. The knobby, apple-shaped fingerling is a garden favorite.",6,8,4,5,5,buttery,waxy,moist,low,roasting|salads|boiling,5,5,9,10,9,french|european,fingerling,50,90,small,shallow,smooth,thin,87,110,late,low,medium,few,uniform,3,8,3,6,4,cool,false,,27,30,advanced,good,long,,highly_resistant,susceptible,moderate,moderate,,false,false,,,extension.umaine.edu|westcoastseeds.com,high
67,Russian Banana Fingerling,,fingerling,yellow,yellow,Russia,"Russian heirloom fingerling with tan-yellow skin and golden flesh. The waxy texture and rich buttery flavor make memorable roasted potatoes and salads. Elongated banana shape is instantly recognizable.",6,8,4,5,6,buttery,waxy,moist,low,roasting|salads|boiling,5,5,10,10,9,russian|european,fingerling,47,76,small,shallow,smooth,thin,85,100,late,medium,medium,few,uniform,3,8,6,5,7,cool|temperate,true,16,38,21,intermediate,excellent,long,,moderate,highly_resistant,moderate,resistant,,true,false,SeedSow,Russian Banana,seedsnow.com|potatoassociation.org|westcoastseeds.com,high
68,Peruvian Purple,,specialty,purple,purple,Peru,"Andean heirloom with purple skin and purple flesh throughout. The firm texture and earthy flavor suit chips and roasting. Color holds through cooking for dramatic presentations.",7,5,5,5,4,earthy,firm,moist,medium,roasting|chips|salads,6,5,8,8,8,andean|global,fingerling,60,100,small,shallow,smooth,thin,85,110,mid_late,medium,medium,few,uniform,2,9,5,7,6,cool|temperate,false,,30,29,intermediate,good,medium,,susceptible,susceptible,moderate,resistant,,false,false,,,potatoassociation.org|ag.umass.edu,high
69,Irish Cobbler,,all_purpose,white,white,USA,"American heirloom from 1876 with white skin and white flesh. Very early to mature. The mealy texture and mild flavor excel in baking. A heritage variety with over a century of popularity.",5,5,4,4,4,mild,mealy,medium,medium,baking|boiling|mashing,6,7,7,6,5,american,round,80,130,medium,deep,smooth,thin,70,85,early,medium,medium,moderate,variable,2,9,4,3,5,cool|temperate,false,,32,31,beginner,fair,short,,susceptible,susceptible,resistant,resistant,,false,false,,,wikipedia.org|woodprairie.com,high
70,Bintje,,all_purpose,yellow,yellow,Netherlands,"Dutch classic from 1910 with yellow skin and golden flesh. The mealy texture and mild buttery flavor make excellent fries and chips. A benchmark variety for European cuisine and the original Belgian frite potato.",6,7,4,4,4,buttery,mealy,medium,medium,frying|chips|mashing,8,7,7,5,5,dutch|european,oval,80,150,large,shallow,smooth,thin,79,102,mid_late,high,medium,moderate,uniform,2,9,7,3,8,cool|temperate,false,,35,26,beginner,good,medium,,susceptible,moderate,highly_resistant,moderate,,false,false,,,seedsnow.com|wikipedia.org,high
71,Pink Fir Apple,,fingerling,pink,yellow,UK,"British heirloom fingerling from 1850 with pink skin and yellow flesh. The waxy texture and nutty flavor excel in salads and roasting. The distinctive knobby, fir cone shape is unique.",6,7,4,5,6,nutty,waxy,moist,low,salads|roasting|boiling,5,5,9,10,9,british|european,fingerling,50,100,small,shallow,smooth,thin,100,130,late,low,medium,few,uniform,3,8,4,7,5,cool,false,,38,29,advanced,good,long,,moderate,moderate,susceptible,moderate,,false,false,,,westcoastseeds.com|ag.umass.edu,high
72,Peter Wilcox,,all_purpose,purple,yellow,USA,"American specialty with deep purple skin and golden yellow flesh - a striking color contrast. The waxy texture and buttery flavor hold shape well for roasting. Bred in Maine.",6,7,4,4,4,buttery,waxy,moist,medium,roasting|salads|boiling,5,6,8,8,7,american,oval,98,155,medium,shallow,smooth,medium,90,101,mid_early,medium,medium,moderate,uniform,2,9,3,7,8,cool|temperate,false,,27,24,intermediate,good,medium,,moderate,resistant,susceptible,resistant,,false,false,,,wikipedia.org|potatoassociation.org,high
73,Blue Belle,,specialty,blue,blue,Netherlands,"Dutch blue variety with blue skin and matching blue flesh. The moist texture and mild flavor work well in roasting and salads. Color holds through cooking for striking results.",5,5,4,5,3,mild,moist,moist,medium,roasting|salads,5,5,8,8,7,dutch|european,oval,86,103,medium,shallow,smooth,thin,77,97,mid_early,medium,medium,few,uniform,2,9,4,6,5,cool|temperate,false,,37,27,beginner,good,medium,,highly_resistant,resistant,resistant,resistant,,false,false,,,westcoastseeds.com|seedsnow.com,high
74,Vitelotte,,specialty,purple,purple,France,"French heritage variety from the 1800s with deep purple-black skin and vivid purple flesh throughout. The dry, mealy texture and distinct nutty, chestnut-like flavor make it prized by gourmet chefs. Also known as Truffe de Chine.",7,5,5,5,6,nutty,mealy,dry,medium,roasting|chips|mashing,6,7,7,6,5,french|european,fingerling,50,90,small,medium,smooth,thick,100,130,late,low,low,few,uniform,2,9,3,6,4,cool,false,,35,23,advanced,excellent,long,,moderate,resistant,resistant,moderate,,false,false,,,potatoassociation.org|ag.umass.edu,high
75,Cherie,,all_purpose,red,yellow,France,"French fingerling with red skin and yellow flesh. The waxy texture and mild buttery flavor suit salads and boiling. Popular in French cuisine for its reliable quality and attractive appearance.",5,7,4,4,4,buttery,waxy,moist,low,salads|boiling|roasting,5,5,8,9,8,french|european,oval,60,100,medium,shallow,smooth,thin,78,102,mid_early,medium,medium,moderate,uniform,2,9,3,4,5,cool|temperate,false,,34,32,intermediate,good,medium,,susceptible,highly_resistant,moderate,susceptible,,false,false,,,ag.umass.edu|seedsnow.com,high
76,Champion,,all_purpose,white,cream,UK,"British heritage variety with white skin and cream flesh. The floury texture and mild flavor make versatile mashing and baking potatoes. A traditional favorite in British Isles cuisine.",5,5,4,4,4,mild,floury,medium,medium,mashing|baking|roasting,6,7,7,5,5,british|irish,round,64,75,medium,shallow,smooth,thin,85,100,mid_late,medium,medium,moderate,uniform,2,9,5,6,6,cool|temperate,false,,38,27,beginner,good,medium,,susceptible,susceptible,susceptible,susceptible,,false,false,,,westcoastseeds.com|seedsnow.com,high
77,King Harry,,all_purpose,white,yellow,USA,"American variety with white skin and yellow flesh. The waxy texture and mild flavor make good boiling potatoes. Named for its hairy leaves that deter Colorado potato beetles - excellent pest resistance.",5,6,4,4,4,mild,waxy,moist,medium,boiling|salads|roasting,5,5,8,8,7,american,oval,82,94,medium,shallow,smooth,thin,76,101,mid_early,medium,medium,many,uniform,2,9,5,5,5,cool|temperate,false,,25,20,beginner,good,medium,,susceptible,highly_resistant,highly_resistant,highly_resistant,,false,false,,,ag.umass.edu|seedsnow.com,high
78,Bora Valley,,all_purpose,purple,purple,Korea,"Korean variety with purple skin and purple flesh. The moist texture and mild flavor suit roasting and salads. Developed in South Korea's Bora Valley for modern cultivation.",6,5,4,5,4,mild,moist,moist,medium,roasting|salads,6,5,8,8,7,korean|asian,round,80,112,medium,shallow,smooth,medium,81,93,mid_season,medium,medium,moderate,uniform,2,9,3,7,5,cool|temperate,false,,26,31,intermediate,good,medium,,susceptible,resistant,susceptible,resistant,,false,false,,,seedsnow.com|extension.umaine.edu,high
79,Congo,,specialty,purple,purple,Belgium,"Belgian heritage variety with purple-black skin and purple flesh throughout. The dry, mealy texture and earthy flavor suit chips and roasting. Color holds well when cooked.",6,4,6,4,4,earthy,mealy,dry,medium,chips|roasting,6,6,7,6,5,belgian|european,oval,79,117,medium,medium,smooth,medium,77,103,mid_early,medium,medium,moderate,moderate,2,9,3,4,6,cool|temperate,false,,27,33,intermediate,good,medium,,resistant,susceptible,highly_resistant,resistant,,false,false,,,westcoastseeds.com|wikipedia.org,high
80,Shetland Black,,specialty,purple,yellow,UK,"Scottish heritage variety from the Shetland Islands with dark purple-black skin and yellow flesh ringed with purple. The mealy texture and rich flavor make interesting roasted potatoes. A historic variety.",6,6,5,4,5,complex,mealy,medium,medium,roasting|baking,6,6,8,6,5,scottish|british,round,60,100,medium,medium,smooth,medium,89,110,mid_late,low,medium,few,variable,2,9,3,7,8,cool,false,,36,24,advanced,fair,short,,moderate,moderate,susceptible,moderate,,false,false,,,westcoastseeds.com|potatoassociation.org,high
81,Adirondack Red,,specialty,red,red,USA,"New York-bred specialty with bright red skin and red flesh throughout. The moist texture and mild flavor suit roasting and salads. High antioxidants complement its striking appearance. Sibling to Adirondack Blue.",5,5,4,5,3,mild,moist,moist,medium,roasting|salads|mashing,5,6,8,8,7,american,oblong,80,133,medium,shallow,smooth,thin,92,105,mid_late,medium,medium,moderate,moderate,2,9,3,4,6,cool|temperate,false,,30,20,intermediate,good,medium,,resistant,highly_resistant,susceptible,susceptible,,false,false,,,woodprairie.com|wikipedia.org,high
82,Belle de Fontenay,,fingerling,yellow,yellow,France,"French heirloom fingerling from 1885 with yellow skin and golden flesh. The waxy texture and buttery flavor make exceptional roasted potatoes and salads. A classic of French cuisine prized by chefs.",6,8,4,4,5,buttery,waxy,moist,low,salads|roasting|boiling,5,5,9,10,9,french|european,fingerling,50,90,small,shallow,smooth,thin,82,100,mid_late,low,medium,few,uniform,2,9,5,3,5,cool|temperate,false,,26,24,advanced,good,long,,highly_resistant,highly_resistant,susceptible,highly_resistant,,false,false,,,westcoastseeds.com|seedsnow.com,high
83,Butterball,,all_purpose,yellow,yellow,USA,"American variety with yellow skin and golden flesh. The mealy texture and rich buttery flavor make excellent mashed potatoes. The name reflects its creamy, butter-like quality.",6,8,4,4,5,buttery,mealy,moist,medium,mashing|baking|roasting,6,8,8,6,5,american,round,78,90,medium,shallow,smooth,thin,80,99,mid_season,medium,medium,moderate,moderate,2,9,5,5,4,cool|temperate,false,,28,29,beginner,good,medium,,highly_resistant,resistant,resistant,susceptible,,false,false,,,potatoassociation.org|wikipedia.org,high
84,Banba,,all_purpose,white,cream,Ireland,"Irish variety with white skin and cream flesh. The floury texture and mild flavor suit mashing and baking. Named after Banba, a patron goddess of Ireland.",5,5,4,4,4,mild,floury,medium,medium,mashing|baking|roasting,6,7,8,5,5,irish,oval,78,105,medium,shallow,smooth,thin,88,102,mid_early,high,medium,moderate,moderate,2,9,4,4,6,cool|temperate,false,,25,27,beginner,good,medium,,resistant,susceptible,resistant,susceptible,,false,false,,,wikipedia.org|potatoassociation.org,high
85,Ranger Russet,,starchy,russet,white,USA,"American russet developed in Idaho with classic russeted skin and white flesh. The floury texture and mild flavor excel in baking and frying. High starch content delivers fluffy results. A commercial favorite.",7,5,6,2,2,mild,floury,dry,high,baking|frying,9,9,6,2,3,american,oblong,84,150,large,shallow,russeted,medium,90,110,mid_season,high,medium,moderate,uniform,3,9,6,6,4,cool|temperate,false,,25,24,intermediate,good,medium,,highly_resistant,highly_resistant,resistant,moderate,,false,false,,,woodprairie.com|seedsnow.com,high
86,Butte,,starchy,russet,white,USA,"American russet developed in Idaho with classic brown russeted skin and white flesh. The floury texture and mild flavor suit baking and frying. Bred in Idaho for commercial production.",7,5,6,2,2,mild,floury,dry,high,baking|frying,8,9,6,2,3,american,oblong,76,150,large,shallow,russeted,medium,77,95,mid_late,medium,medium,moderate,moderate,3,9,7,3,5,cool|temperate,false,,34,34,intermediate,good,medium,,moderate,susceptible,moderate,highly_resistant,,false,false,,,wikipedia.org|ag.umass.edu,high
87,Cascade,,all_purpose,russet,white,USA,"American variety developed in the Pacific Northwest with light russeted skin and white flesh. The mealy texture and mild flavor make versatile baking and frying potatoes.",5,5,4,4,3,mild,mealy,medium,medium,baking|frying|mashing,6,6,7,5,5,american,oblong,91,117,medium,shallow,russeted,thin,89,102,mid_early,medium,medium,moderate,moderate,2,9,6,7,4,cool|temperate,false,,34,20,beginner,good,medium,,susceptible,moderate,moderate,resistant,,false,false,,,extension.umaine.edu|westcoastseeds.com,high
88,Eramosa,,all_purpose,yellow,yellow,Canada,"Canadian variety with yellow skin and matching yellow flesh. The waxy texture and buttery flavor make excellent boiling and roasting potatoes. Named after the Eramosa River in Ontario.",5,7,4,4,4,buttery,waxy,moist,medium,boiling|roasting|salads,5,6,8,8,7,canadian,round,114,164,large,shallow,smooth,thin,75,100,mid_season,medium,medium,moderate,moderate,2,9,4,7,6,cool|temperate,false,,35,31,beginner,good,medium,,highly_resistant,highly_resistant,susceptible,susceptible,,false,false,,,potatoassociation.org|woodprairie.com,high
89,Excellency,,all_purpose,yellow,yellow,USA,"American variety with yellow skin and golden flesh. The waxy texture and buttery flavor suit salads and roasting. Bred for consistent quality and good yields.",5,7,4,4,4,buttery,waxy,moist,medium,salads|roasting|boiling,5,6,7,8,7,american,round,92,119,medium,shallow,smooth,thin,88,103,mid_late,medium,medium,moderate,uniform,2,9,4,4,8,cool|temperate,false,,28,34,beginner,good,medium,,susceptible,resistant,resistant,resistant,,false,false,,,ag.umass.edu|extension.umaine.edu,high
90,Fingerling Mix,,fingerling,mixed,mixed,Various,"Mixed fingerling collection with various skin and flesh colors. The waxy texture and varied flavors make excellent salads. Perfect for sampling different fingerling types in one planting.",6,6,4,5,5,varied,waxy,moist,low,salads|roasting,4,4,8,10,9,global,fingerling,34,70,small,shallow,smooth,thin,84,100,varied,medium,medium,moderate,variable,3,8,3,7,6,cool|temperate,true,15,26,24,beginner,good,medium,,varied,varied,varied,varied,,false,true,WestCoastSeeds,Potato Mix,westcoastseeds.com|ag.umass.edu|extension.umaine.edu,medium
91,Gaia,,all_purpose,yellow,yellow,Netherlands,"Dutch variety with yellow skin and matching golden flesh. The waxy texture and mild buttery flavor make excellent boiling and roasting potatoes.",5,6,4,4,4,buttery,waxy,moist,medium,boiling|roasting|salads,5,5,8,8,7,dutch|european,round,81,99,medium,shallow,smooth,thin,84,106,mid_early,medium,medium,moderate,moderate,2,9,5,6,7,cool|temperate,false,,31,34,beginner,good,medium,,resistant,susceptible,susceptible,resistant,,false,false,,,ag.umass.edu|westcoastseeds.com,high
92,Harlequin,,all_purpose,bicolor,cream,UK,"British variety with distinctive bicolor skin (red splashed on cream) and cream flesh. The waxy texture and mild flavor suit salads and boiling. Named for its patterned skin appearance.",5,6,4,4,4,mild,waxy,moist,medium,salads|boiling|roasting,5,5,8,8,7,british,oval,73,123,medium,shallow,smooth,thin,82,95,mid_early,medium,medium,moderate,moderate,2,9,3,6,4,cool|temperate,false,,26,34,intermediate,good,medium,,susceptible,moderate,resistant,susceptible,,false,false,,,wikipedia.org|woodprairie.com,high
93,Huron,,all_purpose,white,white,Canada,"Canadian variety with white skin and white flesh. The mealy texture and mild flavor suit baking and mashing. Named after Lake Huron.",5,5,4,4,3,mild,mealy,medium,medium,baking|mashing|frying,6,7,7,5,5,canadian,round,119,163,large,shallow,smooth,thin,75,96,mid_season,medium,medium,moderate,moderate,2,9,3,7,8,cool|temperate,false,,34,21,beginner,good,medium,,susceptible,resistant,susceptible,susceptible,,false,false,,,wikipedia.org|potatoassociation.org,high
94,Inca Gold,,all_purpose,yellow,yellow,Peru,"Peruvian heritage variety with golden skin and matching yellow flesh. The waxy texture and buttery flavor make excellent salads and roasting. Named for its Andean origins.",6,8,4,5,4,buttery,waxy,moist,low,salads|roasting|boiling,5,6,8,9,8,andean|global,oval,80,130,medium,shallow,smooth,thin,75,94,mid_season,medium,medium,moderate,moderate,2,9,3,3,4,cool|temperate,false,,36,26,intermediate,good,medium,,highly_resistant,moderate,moderate,susceptible,,false,false,,,westcoastseeds.com|wikipedia.org,high
95,Irish Gold,,all_purpose,yellow,yellow,Ireland,"Irish variety with golden skin and matching yellow flesh. The waxy texture and buttery flavor make excellent roasting potatoes. A modern variety with classic appeal.",5,7,4,4,4,buttery,waxy,moist,medium,roasting|boiling|salads,5,6,8,8,7,irish,oval,109,153,large,shallow,smooth,thin,87,97,mid_season,medium,medium,moderate,uniform,2,9,6,4,7,cool|temperate,false,,29,32,beginner,good,medium,,highly_resistant,resistant,susceptible,highly_resistant,,false,false,,,ag.umass.edu|wikipedia.org,high
96,Jewel Yam,,all_purpose,red,orange,USA,"American sweet potato variety with copper-red skin and deep orange flesh. The moist texture and sweet flavor suit baking. Actually a sweet potato, not a true potato.",7,5,3,8,3,sweet,moist,moist,low,baking|mashing,3,8,7,4,4,american,oblong,100,200,large,shallow,smooth,thin,90,120,late,high,medium,moderate,uniform,2,9,4,4,4,warm,false,,35,31,beginner,good,medium,,varied,varied,varied,varied,,false,false,,,extension.umaine.edu|wikipedia.org,medium
97,Kerr's Pink,,all_purpose,pink,cream,UK,"Scottish heritage variety from 1917 with distinctive pink-red skin and cream flesh. The floury texture and mild flavor make versatile mashing and baking potatoes. A classic British favorite with excellent disease resistance.",5,5,4,4,4,mild,floury,medium,medium,mashing|baking|roasting,6,7,7,5,5,scottish|british,round,106,137,large,shallow,smooth,thin,75,99,mid_late,high,medium,many,moderate,2,9,7,3,8,cool|temperate,false,,38,25,beginner,good,medium,,highly_resistant,highly_resistant,highly_resistant,highly_resistant,,false,false,,,seedsnow.com|wikipedia.org,high
98,Lehigh,,all_purpose,white,white,USA,"American variety with white skin and white flesh. The mealy texture and mild flavor suit baking and mashing. Named after the Lehigh Valley in Pennsylvania.",5,5,4,4,3,mild,mealy,medium,medium,baking|mashing|frying,6,7,7,5,5,american,oblong,99,113,medium,shallow,smooth,thin,82,110,mid_early,medium,medium,moderate,moderate,2,9,4,7,8,cool|temperate,false,,35,34,beginner,good,medium,,susceptible,moderate,resistant,highly_resistant,,false,false,,,wikipedia.org|ag.umass.edu,high
99,Majestic,,all_purpose,white,cream,UK,"British heritage variety from 1911 with white skin and cream flesh. The floury texture and mild flavor make excellent mashing and baking. A true classic of British potato breeding.",5,5,4,4,4,mild,floury,medium,medium,mashing|baking|roasting,6,7,7,5,5,british,oval,91,105,medium,shallow,smooth,thin,85,97,mid_season,high,medium,moderate,uniform,2,9,5,4,6,cool|temperate,false,,35,22,beginner,good,medium,,resistant,resistant,moderate,susceptible,,false,false,,,seedsnow.com|ag.umass.edu,high
100,Onaway,,all_purpose,white,white,USA,"American early variety with white skin and white flesh. The mealy texture and mild flavor make good baking potatoes. Named after a Michigan community.",5,5,4,4,3,mild,mealy,medium,medium,baking|boiling|mashing,6,6,7,6,5,american,round,69,101,medium,shallow,smooth,thin,70,85,early,medium,medium,moderate,moderate,2,9,4,6,8,cool|temperate,false,,35,33,beginner,good,short,,susceptible,highly_resistant,susceptible,highly_resistant,,false,false,,,ag.umass.edu|seedsnow.com,high
101,Picasso,,all_purpose,bicolor,yellow,Netherlands,"Dutch variety with distinctive bicolor skin (red splashes on yellow) and pale yellow flesh. The waxy texture and mild flavor make excellent salads. The artist-like skin pattern is eye-catching.",5,6,4,4,4,mild,waxy,moist,low,salads|boiling|roasting,5,5,8,9,8,dutch|european,oval,63,123,medium,shallow,smooth,thin,75,106,mid_late,high,medium,moderate,uniform,2,9,3,4,7,cool|temperate,false,,33,27,beginner,good,long,,susceptible,susceptible,susceptible,susceptible,,false,false,,,wikipedia.org|ag.umass.edu,high
102,Princess Laratte,,fingerling,pink,yellow,France,"French fingerling with rose-pink skin and yellow flesh. The waxy texture and buttery flavor suit salads and roasting. An elegant variety for special occasions.",5,7,4,4,5,buttery,waxy,moist,low,salads|roasting,5,5,9,9,9,french|european,fingerling,50,90,small,shallow,smooth,thin,75,100,mid_late,low,medium,few,uniform,3,8,4,5,7,cool|temperate,false,,36,29,intermediate,good,medium,,susceptible,highly_resistant,susceptible,moderate,,false,false,,,woodprairie.com|extension.umaine.edu,high
103,Provento,,all_purpose,yellow,yellow,Netherlands,"Dutch variety with yellow skin and matching golden flesh. The waxy texture and buttery flavor make excellent salads and boiling. A reliable European variety.",5,7,4,4,4,buttery,waxy,moist,medium,salads|boiling|roasting,5,5,8,8,7,dutch|european,round,75,110,medium,shallow,smooth,thin,85,103,mid_early,medium,medium,moderate,uniform,2,9,5,6,8,cool|temperate,false,,38,31,beginner,good,medium,,resistant,highly_resistant,susceptible,highly_resistant,,false,false,,,ag.umass.edu|potatoassociation.org,high
104,Purple Viking,,specialty,purple,white,USA,"American specialty with purple skin and white flesh. The mealy texture and mild flavor suit baking and mashing. The purple skin creates visual appeal while keeping traditional white interior.",5,5,4,4,3,mild,mealy,medium,medium,baking|mashing|roasting,6,7,7,5,5,american,round,104,159,large,shallow,smooth,medium,84,100,mid_early,high,medium,moderate,moderate,2,9,7,3,7,cool|temperate,false,,32,22,beginner,good,medium,,moderate,highly_resistant,moderate,moderate,,false,false,,,extension.umaine.edu|woodprairie.com,high
105,Red Cloud,,all_purpose,red,white,USA,"American red-skinned variety with white flesh. The mealy texture and mild flavor suit baking and mashing. Reliable red variety for home gardens.",5,5,4,4,3,mild,mealy,medium,medium,baking|mashing|roasting,6,6,7,6,5,american,round,110,154,large,shallow,smooth,thin,81,94,mid_season,high,medium,moderate,uniform,2,9,4,3,5,cool|temperate,false,,39,23,beginner,good,medium,,moderate,susceptible,resistant,resistant,,false,false,,,woodprairie.com|wikipedia.org,high
106,Sangre,,all_purpose,red,white,USA,"American red-skinned variety with white flesh. The mealy texture and mild flavor suit baking and boiling. The name means blood in Spanish, referring to the deep red skin.",5,5,4,4,3,mild,mealy,medium,medium,baking|boiling|mashing,6,6,7,6,5,american,round,111,169,large,shallow,smooth,thin,79,108,mid_early,high,medium,moderate,moderate,2,9,3,4,6,cool|temperate,false,,25,34,beginner,good,medium,,moderate,moderate,resistant,moderate,,false,false,,,wikipedia.org|seedsnow.com,high
107,Satina,,all_purpose,yellow,yellow,Germany,"German variety with yellow skin and matching golden flesh. The waxy texture and buttery flavor make excellent salads and boiling. A reliable producer with good storage.",5,7,4,4,4,buttery,waxy,moist,medium,salads|boiling|roasting,5,6,8,8,7,german|european,oval,79,95,medium,shallow,smooth,thin,82,104,mid_late,medium,medium,moderate,uniform,2,9,7,3,6,cool|temperate,false,,25,29,beginner,excellent,long,,highly_resistant,resistant,resistant,highly_resistant,,false,false,,,seedsnow.com|ag.umass.edu,high
108,Sebago,,all_purpose,white,white,USA,"American heritage variety from 1938 with white skin and white flesh. The mealy texture and mild flavor suit baking and mashing. Named after Lake Sebago in Maine. Good disease resistance.",5,5,4,4,3,mild,mealy,medium,medium,baking|mashing|frying,7,7,7,5,5,american,round,81,150,large,shallow,smooth,thin,82,108,mid_late,high,medium,moderate,uniform,2,9,3,6,6,cool|temperate,false,,35,21,beginner,good,long,,moderate,moderate,highly_resistant,resistant,,false,false,,,extension.umaine.edu|woodprairie.com,high
109,Shepody,,all_purpose,white,white,Canada,"Canadian variety developed for the french fry industry with white skin and white flesh. The mealy texture and mild flavor make excellent fries. A commercial favorite since 1980.",6,5,4,3,3,mild,mealy,dry,medium,frying|baking,9,7,6,4,4,canadian|american,oblong,108,180,large,shallow,smooth,thin,83,102,mid_season,high,medium,moderate,uniform,2,9,6,3,8,cool|temperate,false,,27,21,intermediate,fair,short,,moderate,susceptible,moderate,susceptible,,false,false,,,potatoassociation.org|extension.umaine.edu,high
110,Snowden,,all_purpose,white,white,USA,"American chipping variety with white skin and white flesh. The mealy texture and mild flavor make excellent chips. Bred specifically for the potato chip industry.",5,5,4,3,3,mild,mealy,dry,medium,chips|frying|baking,8,6,6,5,5,american,round,99,147,medium,shallow,smooth,thin,90,108,mid_season,high,medium,moderate,uniform,2,9,6,4,4,cool|temperate,false,,29,28,intermediate,good,medium,,moderate,highly_resistant,resistant,susceptible,,false,false,,,potatoassociation.org|westcoastseeds.com,high
111,Solist,,all_purpose,yellow,yellow,Netherlands,"Dutch variety with yellow skin and matching golden flesh. The waxy texture and mild buttery flavor make excellent salads and boiling.",5,6,4,4,4,buttery,waxy,moist,medium,salads|boiling|roasting,5,5,8,8,7,dutch|european,oblong,118,135,large,shallow,smooth,thin,82,107,mid_early,medium,medium,moderate,uniform,2,9,5,4,4,cool|temperate,false,,32,20,beginner,good,medium,,moderate,highly_resistant,susceptible,resistant,,false,false,,,wikipedia.org|potatoassociation.org,high
112,Upstate Abundance,,all_purpose,white,white,USA,"New York variety with white skin and white flesh. The mealy texture and mild flavor make versatile baking and mashing potatoes. Bred for abundant yields in northeastern climates.",5,5,4,4,4,mild,mealy,medium,medium,baking|mashing|roasting,6,7,7,6,5,american,round,65,90,medium,shallow,smooth,thin,87,104,mid_late,high,medium,moderate,uniform,2,9,6,4,8,cool|temperate,false,,34,28,beginner,good,medium,,moderate,highly_resistant,highly_resistant,moderate,,false,false,,,potatoassociation.org|seedsnow.com,high
113,Valery,,all_purpose,yellow,yellow,Germany,"German variety with yellow skin and matching golden flesh. The waxy texture and mild buttery flavor make excellent salads and boiling. A reliable variety for home gardens.",5,7,4,4,4,buttery,waxy,moist,medium,salads|boiling|roasting,5,5,8,8,7,german|european,oblong,66,98,medium,shallow,smooth,thin,88,104,mid_season,medium,medium,moderate,moderate,2,9,6,5,7,cool|temperate,false,,25,22,beginner,excellent,long,,moderate,susceptible,susceptible,moderate,,false,false,,,ag.umass.edu|westcoastseeds.com,high
114,Yummy,,all_purpose,yellow,yellow,USA,"American variety with yellow skin and golden flesh. The waxy texture and buttery flavor make excellent salads and roasting. A newer variety with appealing taste.",5,7,4,5,4,buttery,waxy,moist,medium,salads|roasting|boiling,5,6,8,8,7,american,oval,108,164,large,shallow,smooth,thin,81,106,mid_late,medium,medium,moderate,uniform,2,9,5,7,4,cool|temperate,false,,39,24,beginner,good,medium,,susceptible,susceptible,susceptible,moderate,,false,false,,,wikipedia.org|potatoassociation.org,high
115,Zarah,,all_purpose,yellow,yellow,UK,"British variety with yellow skin and golden flesh. The waxy texture and mild buttery flavor make excellent salads and boiling. A modern variety with traditional appeal.",5,6,4,4,4,buttery,waxy,moist,medium,salads|boiling|roasting,5,5,8,8,7,british,oval,87,134,medium,shallow,smooth,thin,85,95,mid_late,medium,medium,moderate,uniform,2,9,3,7,4,cool|temperate,false,,35,22,beginner,good,medium,,resistant,highly_resistant,resistant,moderate,,false,false,,,westcoastseeds.com|potatoassociation.org,high
